x,y,z,vx,vy,vz,mass
0,0,0,0,0,0,1.98847e30
149984472282,0,0,0,31022,0,7.34767309e22
1.496e11,0,0,0,30000,0,5.972e24
0,207920000000,0,-24070,0,0,6.39e23